url,clicks
https://www.bimmerparts.nl/,1749
https://www.bimmerparts.nl/bmw-model-codes,692
https://www.bimmerparts.nl/mini-model-codes,196
https://www.bimmerparts.nl/3-Serie-G20-G21,88
https://www.bimmerparts.nl/1-Serie-F40,85
https://www.bimmerparts.nl/X3-G01,84
https://www.bimmerparts.nl/1-Serie-F70,82
https://www.bimmerparts.nl/bmw-m-stripes.html,81
https://www.bimmerparts.nl/MINI-R50-R52-R53,64
https://www.bimmerparts.nl/bmw-m-performance-uitlaatsysteem-f30/f31-F32/F33/F36,64
https://www.bimmerparts.nl/1-Serie-F20-F21,48
https://www.bimmerparts.nl/F54/F55/F56/F57,48
https://www.bimmerparts.nl/bmw-led-portier-projectoren.html,47
https://www.bimmerparts.nl/5-Serie-F10-F11,45
"https://www.bimmerparts.nl/ADRO-G8X-M3/M4-Front-Bumper-BMW-G80-M3,-G82-M4",42
https://www.bimmerparts.nl/2-Serie-F44,42
https://www.bimmerparts.nl/X1-U11,42
https://www.bimmerparts.nl/BMW-Performance-Big-Brake-Kit-F30/F31/F34-F32/F33/F36|Geel,39
https://www.bimmerparts.nl/1-Serie-E81-E87,37
https://www.bimmerparts.nl/3-Serie-E90-E91,37
https://www.bimmerparts.nl/5-Serie-G60-G61,37
https://www.bimmerparts.nl/iX1-U11,34
https://www.bimmerparts.nl/5-Serie-E39,33
https://www.bimmerparts.nl/Grille-Iconic-Glow-Black-G30-G31,33
https://www.bimmerparts.nl/5-Serie-G30-G31,31
https://www.bimmerparts.nl/Z4-G29,30
https://www.bimmerparts.nl/X2-F39,30
https://www.bimmerparts.nl/i5-G60-G61,29
https://www.bimmerparts.nl/BMW-Stuurwiel-embleem-vervangbaar,28
https://www.bimmerparts.nl/3-Serie-E30,27
https://www.bimmerparts.nl/U25,27
https://www.bimmerparts.nl/1-Serie-E82-E88,26
https://www.bimmerparts.nl/3-Serie-F30-F31,25
https://www.bimmerparts.nl/BMW-Ambient-Air-navulling-Authentic-Suite,24
https://www.bimmerparts.nl/Z4-E89,24
https://www.bimmerparts.nl/HR-Koppelstangen,24
https://www.bimmerparts.nl/Race-remblokken-EBC-Red-Stuff-voorzijde,23
https://www.bimmerparts.nl/3-Serie-E92-E93,22
"https://www.bimmerparts.nl/Eisenmann-2x70mm-BMW-E46-320i,325i,330i",22
https://www.bimmerparts.nl/Eventuri-Performance-Carbon-Intake-M3-(F80)-M4-(F82/F83),21
https://www.bimmerparts.nl/bmw-natural-air-starterkit,21
https://www.bimmerparts.nl/Cobra-Suspension,21
"https://www.bimmerparts.nl/MINI-Embleem-voorzijde-Piano-Black-F55,F56,F57",21
https://www.bimmerparts.nl/X1-F48,21
https://www.bimmerparts.nl/3-Serie,20
https://www.bimmerparts.nl/X5-G05,20
https://www.bimmerparts.nl/X1-E84,20
https://www.bimmerparts.nl/MINI-John-Cooper-Works-Logo,20
https://www.bimmerparts.nl/i-Serie-i3,20
https://www.bimmerparts.nl/3-Serie-E46,19
"https://www.bimmerparts.nl/BMW-embleem-50-jaar-m-G42,G22,G23,G26",19
https://www.bimmerparts.nl/2-Serie-F22-F23,19
https://www.bimmerparts.nl/BMW-Naafdop-65MM,19
https://www.bimmerparts.nl/bmw-m-performance-drive-analyser-android-ios.html,19
https://www.bimmerparts.nl/bmw-m-embleem-velg-.html,18
https://www.bimmerparts.nl/MINI-R55-R56-R57,18
https://www.bimmerparts.nl/BMW-M-Performance-mattenset-G20,18
https://www.bimmerparts.nl/BMW-Elektrische-Kinderauto-BMW-X5-M,18
https://www.bimmerparts.nl/bmw-Leuningbeschermer-en-onderlegger-voor-kinderzitje,18
https://www.bimmerparts.nl/X3-E83,17
https://www.bimmerparts.nl/MINI-Achterlichten-Union-Jack-F55-F56-F57,16
"https://www.bimmerparts.nl/Eventuri-Performance-Carbon-Intake-G8X-M3,-G82/G83-M4-V2",16
https://www.bimmerparts.nl/4-Serie-F32-F33,16
https://www.bimmerparts.nl/X3-G45,16
https://www.bimmerparts.nl/iX3-G08,16
https://www.bimmerparts.nl/i4-G26,16
https://www.bimmerparts.nl/contact,15
https://www.bimmerparts.nl/BMW-Naafdop-56MM,15
https://www.bimmerparts.nl/5-Serie-E28,15
https://www.bimmerparts.nl/4-Serie-G82-G83-M4,15
https://www.bimmerparts.nl/MINI-R60-R61,15
https://www.bimmerparts.nl/MINI-Naafdop-F54-F55-F56-F57-F60,15
https://www.bimmerparts.nl/Verstelbare-stabilisator-kogel-koppelstang-set-div.-BMW-modellen,15
https://www.bimmerparts.nl/MINI-Uitlaat-sierstuk-Chroom-Line,15
https://www.bimmerparts.nl/Retro-fit-kit-LCI-achterlichten-BMW-F32F33F36,15
https://www.bimmerparts.nl/Eisenmann-2x90mm-bmw-e92-335i.html,15
https://www.bimmerparts.nl/eisenmann-2x70mm-bmw-e36-325i-328i.html,15
https://www.bimmerparts.nl/3-Serie-F34-GT,14
https://www.bimmerparts.nl/BMW-Achterklep-embleem-E65/E66-X5-E53-Z3,14
"https://www.bimmerparts.nl/ADRO-Carbon-Fiber-trunk-spoiler-BMW-G20-M340i,-G80-M3",14
https://www.bimmerparts.nl/bmw-m-embleem-zijpanee-l.html,14
https://www.bimmerparts.nl/Set-BMW-M-zijscherm-emblemen-zwart-55X19MM,14
https://www.bimmerparts.nl/tmp-wielbouten,14
https://www.bimmerparts.nl/bmw-chroom-titan-grille-f10-f11.html,14
https://www.bimmerparts.nl/Carbon-stickerset-motorkap-embleem,13
https://www.bimmerparts.nl/Eventuri-Performance-Carbon-Intake-M135i-M235i-M2-335i-435i,13
https://www.bimmerparts.nl/Eventuri-Performance-Carbon-Intake-M3-(E46),13
https://www.bimmerparts.nl/2-Serie-G42,13
https://www.bimmerparts.nl/3-Serie-G80-G81-M3,13
https://www.bimmerparts.nl/i-Serie-iX,13
https://www.bimmerparts.nl/bmw-uitlaatsierstuk-zwart-chroom-f33-425d-428i-428ix.html,13
https://www.bimmerparts.nl/eisenmann-2x70mm-bmw-e87-130i.html,13
https://www.bimmerparts.nl/2-Serie-Active-Tourer-U06,13
https://www.bimmerparts.nl/iX2,12
https://www.bimmerparts.nl/M-Performance-Grille-zwart-F45-Active-Tourer,12
https://www.bimmerparts.nl/BMW-M-Performance-grille-X2-F39,12
https://www.bimmerparts.nl/Goodridge-stalen-remleidingen-BMW-F20,12
https://www.bimmerparts.nl/Strongflex-achterste-differentieel-rubber-E46-X3-E83-Red,12
"https://www.bimmerparts.nl/Cobra-Verlagingsveren-G21-320e,330e",12
https://www.bimmerparts.nl/MINI-Wiel-Logo,12
https://www.bimmerparts.nl/7-Serie-F01,11
https://www.bimmerparts.nl/BMW-Ventieldopjes-M-Logo,11
https://www.bimmerparts.nl/X5-E53,11
https://www.bimmerparts.nl/bmw-mobility-set,11
https://www.bimmerparts.nl/Strongflex-achterste-subframe-rubber-achteras-E46-Yellow,11
https://www.bimmerparts.nl/5-Serie-E34,11
https://www.bimmerparts.nl/bmw-led-kofferruimteverlichting.html,11
https://www.bimmerparts.nl/bmw-performance-uitlaatsysteem-f22/f23,11
https://www.bimmerparts.nl/MINI-Sierschrift-Piano-Black-Countryman-F60,11
"https://www.bimmerparts.nl/Set-langere-zwarte-slotbouten-M14x1,25-",11
https://www.bimmerparts.nl/BMW-Performance-Big-Brake-Kit-F20/F21-F22/F23-F30/F31-F32-Rood,11
https://www.bimmerparts.nl/2-Serie-F45-F46,11
https://www.bimmerparts.nl/G87-M2,11
https://www.bimmerparts.nl/Embleem-M3-E9x,11
https://www.bimmerparts.nl/BMW-Elektrische-Kinderauto-BMW-M8-GTE,11
https://www.bimmerparts.nl/5-Serie-E60-E61,10
https://www.bimmerparts.nl/BMW-embleem-50-jaar-m-82mm,10
https://www.bimmerparts.nl/3-Serie-E36,10
https://www.bimmerparts.nl/bmw-sleuteletui.html,10
https://www.bimmerparts.nl/bmw-m-performance-carbon-spiegelkappen-X3-G01-X4-G02-X5-G05,10
https://www.bimmerparts.nl/7-Serie-E23,10
https://www.bimmerparts.nl/MINI-Wing-motorkap-logo-R52-R53-Cooper-S,10
https://www.bimmerparts.nl/werkplaats,10
https://www.bimmerparts.nl/Eventuri-Performance-Carbon-Intake-M3-(E9x),10
https://www.bimmerparts.nl/BMW-M-Performance-grille-G30-G31,10
https://www.bimmerparts.nl/HR-Stabilisator-set-E46,10
https://www.bimmerparts.nl/BMW-M-Performance-carbon-diffusor-F87-M2,10
https://www.bimmerparts.nl/Eventuri-Performance-Carbon-Intake-G05-X5-G06-X6-M50i,10
https://www.bimmerparts.nl/BMW-sleutelhanger-munt,10
https://www.bimmerparts.nl/bmw-black-line-achterlichten-e82-e88-high.html,10
https://www.bimmerparts.nl/Cobra-Suspension-verlagingsveren-G61-550e-xDrive,10
https://www.bimmerparts.nl/BMW-Design-borgveren-F-Series,10
https://www.bimmerparts.nl/BMW-embleem-82mm,9
https://www.bimmerparts.nl/Compleet-glanszwart-stickerset-motorkap-embleem,9
https://www.bimmerparts.nl/Eventuri-Performance-Carbon-Intake-M140i-M240i-340i,9
https://www.bimmerparts.nl/7-Serie-E38,9
https://www.bimmerparts.nl/X4-G02,9
https://www.bimmerparts.nl/BMW-embleem-Z4,9
https://www.bimmerparts.nl/6-Serie-F06-F12-F13,9
https://www.bimmerparts.nl/bmw-naafembleem-64-5mm,9
https://www.bimmerparts.nl/X4-F26,9
https://www.bimmerparts.nl/BMW-logo-82mm,9
"https://www.bimmerparts.nl/M-Instaplijst-BMW-1-Serie-F40,F70",9
https://www.bimmerparts.nl/Eventuri-Performance-Carbon-Intake-Carbon-Scoop-MINI-F5x-LCI,9
https://www.bimmerparts.nl/M-Performance-sierstukken-Carbon,9
https://www.bimmerparts.nl/B525400760-Eisenmann-2x-76mm-E60-E61-520i-523i-525i-530i,9
https://www.bimmerparts.nl/BMW-Performance-Big-Brake-Kit-F20/F21-F22/F23-F30/F31-F32-Geel,9
https://www.bimmerparts.nl/bmw-performance-stuurafdekking-multif-e9x-E8x.html,9
https://www.bimmerparts.nl/Cobra-Verlagingsveren-X3M,9
https://www.bimmerparts.nl/4-Serie-F36,8
https://www.bimmerparts.nl/Eventuri-Performance-Carbon-Intake-F20/F21-F22/F23-F30/F31-N20,8
https://www.bimmerparts.nl/M-Performance-diffuser-inzet-zwart-BMW-G20,8
https://www.bimmerparts.nl/bmw-m-performance-carbon-spiegelkappen-f2x-f3x-f87-m2.html,8
https://www.bimmerparts.nl/Zwart-Geanodiseerde-5mm-Spoorverbreders,8
https://www.bimmerparts.nl/Retro-fit-kit-LCI-achterlichten-BMW-E92,8
https://www.bimmerparts.nl/MINI-F60,8
https://www.bimmerparts.nl/BMW-Sleuteletui-M-Performance,8
https://www.bimmerparts.nl/Strongflex-draagarm-rubber-E60/E61-E63/E64-E65/E66-Red,8
https://www.bimmerparts.nl/Strongflex-achterste-draagarm-rubber-achteras-E36-E46-X3-Z4-Yellow,8
https://www.bimmerparts.nl/bmw-f2x-bekerhouder.html,8
https://www.bimmerparts.nl/BMW-embleem-74mm,8
"https://www.bimmerparts.nl/Supersprint-OO80-BMW-E60/E61-535i,540i,545i,550i",8
"https://www.bimmerparts.nl/Set-langere-zwarte-slotbouten-M12x1,5",8
https://www.bimmerparts.nl/J01,8
https://www.bimmerparts.nl/MINI-JCW-Naafdop-F54-F55-F56-F57-F60,8
"https://www.bimmerparts.nl/M-Performance-mattenset-BMW-1-2-Serie-F70,F74",8
https://www.bimmerparts.nl/Vaststaande-MINI-JCW-Naafdop-los-56MM,8
https://www.bimmerparts.nl/eisenmann-2x76mm-bmw-e39-sedan-535i-540i.html,8
https://www.bimmerparts.nl/MINI-Embleem-voorzijde-Piano-Black-F54,8
https://www.bimmerparts.nl/M-tech-1-stuurwiel-embleem-,8
https://www.bimmerparts.nl/Remleiding-set-9-delig-E36,8
https://www.bimmerparts.nl/Sierring-Grille-JCW-Piano-Black-F55-F56-F57,8
https://www.bimmerparts.nl/eisenmann-2x83mm-bmw-e39-sedan-520i-523i-525i-528i-530i.html,8
https://www.bimmerparts.nl/Cobra-Suspension-schroefset-EVO-S-F30-330e,8
https://www.bimmerparts.nl/BMW-Performance-Big-Brake-Kit-F30/F31/F34-F32/F33/F36|Oranje,8
https://www.bimmerparts.nl/X5-F15,7
https://www.bimmerparts.nl/bmw-usb-adapter.html,7
https://www.bimmerparts.nl/BMW-naafdop-set-50-jaar-BMW-M-56mm,7
"https://www.bimmerparts.nl/tmp-wielbouten-zwart-14-1,25",7
https://www.bimmerparts.nl/Excentrisch-draagarm-rubber-BMW-E46,7
https://www.bimmerparts.nl/Grille-hoogglans-zwart-MINI-R55-R56-Cooper-S,7
https://www.bimmerparts.nl/Carbon-Front-Lip-for-Stock-Front-Bumper-BMW-G8x-M3-M4,7
https://www.bimmerparts.nl/Carbon-stickerset-naafdop-56MM,7
https://www.bimmerparts.nl/BMW-M-Performance-carbon-frontsplitters-F87-M2,7
https://www.bimmerparts.nl/3-Serie-E21,7
https://www.bimmerparts.nl/Eventuri-Performance-Carbon-Intake-M5-M6,7
https://www.bimmerparts.nl/bmw-zonneschermen-achterzijruiten-3-serie-e91-touring.html,7
https://www.bimmerparts.nl/G90-M5,7
https://www.bimmerparts.nl/Naafembleem-70-mm-ligt-bollend,7
https://www.bimmerparts.nl/Dynamische-OLED-achterlichten-G2x-G8x,7
https://www.bimmerparts.nl/Remleiding-set-4-delig-E46,7
https://www.bimmerparts.nl/bmw-performance-schakelknop-6gang-e81-e82-e87-e88.html,7
https://www.bimmerparts.nl/BMW-M-Performance-schakelknop-F87-M2,7
"https://www.bimmerparts.nl/Cobra-Suspension-verlagingsveren-G30-520e,530e",7
https://www.bimmerparts.nl/1-Serie,6
https://www.bimmerparts.nl/BMW-achterklep-embleem-E46-Touring,6
https://www.bimmerparts.nl/Zwart-Geanodiseerde-Spoorverbreders-3mm,6
https://www.bimmerparts.nl/bmw-m-stuur-afdekking-met-multifunctionele-bediening-e8x.html,6
https://www.bimmerparts.nl/BMW-M-Performance-grille-G20-G21,6
https://www.bimmerparts.nl/7-Serie-E32,6
https://www.bimmerparts.nl/BMW-M-Performance-grille,6
https://www.bimmerparts.nl/BMW-Ambient-Air-navulling-Green-Suite,6
"https://www.bimmerparts.nl/Supersprint-OO80-BMW-E90-325i,330i",6
"https://www.bimmerparts.nl/Supersprint-OO80-BMW-E92-323i,325i,328i,330i",6
https://www.bimmerparts.nl/X3-M-F97,6
https://www.bimmerparts.nl/Vaststaande-enkele-BMW-Naafdop-56MM,6
https://www.bimmerparts.nl/Zwart-Geanodiseerde-Spoorverbreders-5mm,6
https://www.bimmerparts.nl/BMW-M-Performance-Black-line-achterlichten-F31,6
https://www.bimmerparts.nl/bmw-M-Performance-alcantara-armsteun,6
https://www.bimmerparts.nl/Motorsport-diffusor-standaard-bumper-E36,6
https://www.bimmerparts.nl/Supersprint-OO80-BMW-F20/F21-125i,6
https://www.bimmerparts.nl/6-Serie-E24,6
https://www.bimmerparts.nl/F66,6
https://www.bimmerparts.nl/bmw-m-embleem-e30.html,6
https://www.bimmerparts.nl/HR-Stabilisator-set-E30,6
https://www.bimmerparts.nl/M-Performance-diffusor-mat-zwart-F32-F33-F36,6
https://www.bimmerparts.nl/Eventuri-Performance-Intake-Plastic-Carbon-Scoop-MINI-F5x-LCI,6
https://www.bimmerparts.nl/Files/2/21000/21945/Attachments/Product/4R3225Aq44076p1292D91bqKK7TEij74.pdf,6
https://www.bimmerparts.nl/Eibach-Anti-Roll-Kit-BMW-E46-Sedan-320i-323i-325i-328i-330i,6
https://www.bimmerparts.nl/X6-E71,6
https://www.bimmerparts.nl/Cobra-Suspension-schroefset-EVO-S-G21,6
https://www.bimmerparts.nl/Set-achterlicht-sierringen-JCW-Piano-Black-F55-F56-F57,6
https://www.bimmerparts.nl/M-Performance-Dias-voor-LED-Deurprojectoren,6
https://www.bimmerparts.nl/MINI-Embleem-achterzijde-Piano-Black-F60,6
https://www.bimmerparts.nl/bmw-cabrio-onderhoudsset.html,6
https://www.bimmerparts.nl/Cobra-Suspension-schroefset-EVO-S-G20-320e-330e,6
https://www.bimmerparts.nl/Cobra-Suspension-schroefset-EVO-S-G21-320e-330e,6
https://www.bimmerparts.nl/bmw-zonneschermen-achterzijruiten-2-serie-f45-active-tourer.html,6
https://www.bimmerparts.nl/Cobra-Verlagingsveren-Z4-G29-M40i,6
https://www.bimmerparts.nl/Verchroomde-uitlaatsierstukken-E90-E91,6
https://www.bimmerparts.nl/Chrome-Uitlaatsierstukken-bmw-z4-E85-2.2i-2.5i,6
https://www.bimmerparts.nl/Vaststaande-BMW-Naafdop-65MM,5
https://www.bimmerparts.nl/bmw-m-performance-automatten-f30-f31.html,5
"https://www.bimmerparts.nl/ADRO-Carbon-Fiber-trunk-spoiler-BMW-G22-M440i,-G82-M4",5
https://www.bimmerparts.nl/BMW-Ventieldopjes-BMW-Logo,5
https://www.bimmerparts.nl/Black-Line-achterlichten-LED-facelift-upgrade-E46-2003,5
https://www.bimmerparts.nl/bmw-performance-alu-pedalen.html,5
https://www.bimmerparts.nl/BMW-Ambient-Air-navulling-Blue-Suite,5
https://www.bimmerparts.nl/BMW-logo-82,5
https://www.bimmerparts.nl/Set-koplampen-Xenon-look-Angel-Eyes-F30/F31-DEPO-H7/H7,5
https://www.bimmerparts.nl/Originele-grille-E36-pre-facelift,5
https://www.bimmerparts.nl/MINI-R58-R59,5
https://www.bimmerparts.nl/bmw-m-diffusor-f30-f31,5
https://www.bimmerparts.nl/X6-G06,5
https://www.bimmerparts.nl/bmw-m-performance-carbon-spiegelkappen-G20,5
https://www.bimmerparts.nl/bmw-natural-air-starterkit-limited-edition-swarovski,5
https://www.bimmerparts.nl/BMW-M-Performance-carbon-stuurwielpaneel-F87-M2,5
https://www.bimmerparts.nl/bmw-m-performance-uitlaatsierstuk-chroom-f30-f31.html,5
https://www.bimmerparts.nl/Vaststaande-MINI-Naafdop-los-56MM,5
https://www.bimmerparts.nl/MINI-Grill-hoogglans-zwart-R50-R52-R53,5
https://www.bimmerparts.nl/MINI-Motorkap-Logo-F55-F56-F57,5
https://www.bimmerparts.nl/M-Performance-Grille-zwart-F46-Gran-Tourer,5
https://www.bimmerparts.nl/Strutbar-voorzijde-E46-6cil,5
https://www.bimmerparts.nl/Strongflex-subframe-rubber-achteras-E30-Red,5
https://www.bimmerparts.nl/XM,5
https://www.bimmerparts.nl/F87-M2,5
https://www.bimmerparts.nl/MINI-Wing-Kofferbak-Logo-R50-R52-R53,5
https://www.bimmerparts.nl/bmw-m-performance-carbon-spiegelkappen-G30/G31-G32-G11/G12,5
https://www.bimmerparts.nl/Bekerhouder-met-afdekking-E8x,5
https://www.bimmerparts.nl/BMW-i-Naafdop-56MM,5
https://www.bimmerparts.nl/KN-Vervangingsfilter-Mini-Cooper-2014-,5
https://www.bimmerparts.nl/HR-Stabilisator-set-E8x-E9x,5
https://www.bimmerparts.nl/bmw-m-diffusor-e92-e93.html,5
https://www.bimmerparts.nl/Strongflex-achterste-differentieel-rubber-E36-RED,5
https://www.bimmerparts.nl/3-Serie-F80-M3,5
https://www.bimmerparts.nl/BMW-embleem-50-jaar-m-74mm,5
https://www.bimmerparts.nl/BMW-M-Performance-carbon-stuurwielpaneel,5
"https://www.bimmerparts.nl/Eibach-Pro-Kit-BMW-F11-Touring-518d,520d",5
https://www.bimmerparts.nl/MINI-LED-Portierprojectoren,5
https://www.bimmerparts.nl/bmw-uitlaatsierstuk-zwart-chroom-f20-f21-125d-125i.html,5
https://www.bimmerparts.nl/bmw-led-binnenverlichtingspakket-set-van-4.html,5
https://www.bimmerparts.nl/bmw-m-performance-automatten-x5-f15,5
https://www.bimmerparts.nl/bmw-zwart-chroom-uitlaatsierstukken-f20-f21-m135i.html,5
https://www.bimmerparts.nl/bmw-mattenset-velours-5-serie-f10-f11.html,5
https://www.bimmerparts.nl/tmp-wielbouten-zwart,5
https://www.bimmerparts.nl/Diffuser-double-tailpipe-F30/F31,5
https://www.bimmerparts.nl/Cobra-Verlagingsveren-X3-G01-30e-xDrive,5
"https://www.bimmerparts.nl/Cobra-Verlagingsveren-X3-G01-M40i,30d",5
https://www.bimmerparts.nl/Eibach-Pro-Kit-BMW-G30-Sedan-540i,5
https://www.bimmerparts.nl/BMW-M-Performance-carbon-diffusor-F82-F83-M4,5
https://www.bimmerparts.nl/bmw-zonnescherm-zijruiten-f10-sedan,5
https://www.bimmerparts.nl/Koplampen-DTM-look-LED-F30/F31,5
https://www.bimmerparts.nl/Goodridge-stalen-remleidingen-BMW-F30,5
https://www.bimmerparts.nl/Cobra-Verlagingsveren-G30-545e-xDrive,5
https://www.bimmerparts.nl/Chrome-Uitlaatsierstukken-bmw-z4-E85-3.0i,5
https://www.bimmerparts.nl/Goodridge-stalen-remleidingen-BMW-E91-xDrive,5
https://www.bimmerparts.nl/bmw-M-Performance-carbon-handremgreep-F20-F21,5
https://www.bimmerparts.nl/Goodridge-stalen-remleidingen-BMW-E60,5
https://www.bimmerparts.nl/Cobra-Verlagingsveren-F80-M3-25/10,5
https://www.bimmerparts.nl/Eibach-Anti-Roll-Kit-BMW-E46-Sedan-316i-318i,5
https://www.bimmerparts.nl/Instrumentendrager-middenconsole-E46,5
https://www.bimmerparts.nl/bmw-siliconenverwijderaar-geconcentreerd.html,5
https://www.bimmerparts.nl/lifestyle,4
https://www.bimmerparts.nl/bmw-m-performance-automatten-f10-f11,4
https://www.bimmerparts.nl/bmw-sleuteletui-m-sport.html,4
https://www.bimmerparts.nl/bmw-LuxuryLine-grille-f30-f31,4
https://www.bimmerparts.nl/5-Serie-F07-GT,4
https://www.bimmerparts.nl/Powerflex-draagarm-rubber-set-excentrisch-E30-E36-Z3,4
https://www.bimmerparts.nl/X5-E70,4
https://www.bimmerparts.nl/bmw-schakelpook-e9x-m3.html,4
https://www.bimmerparts.nl/bmw-diefstalremmende-wielbouten-36136776076,4
https://www.bimmerparts.nl/Diffuser-Performance-look-E90/E91,4
https://www.bimmerparts.nl/BMW-M-Performance-mattenset-X5-G05,4
https://www.bimmerparts.nl/bmw-zonnescherm-achterruit-1-serie-f21.html,4
https://www.bimmerparts.nl/X4-M-F98,4
https://www.bimmerparts.nl/BMW-M-Performance-grille-X3-G01,4
https://www.bimmerparts.nl/kw-suspension-variant-1-bmw-1-serie-f20-f21,4
https://www.bimmerparts.nl/Z3,4
https://www.bimmerparts.nl/Powerflex-achterste-subframe-rubber-set-E36,4
https://www.bimmerparts.nl/bmw-natural-air-navulset-Endless-Desert,4
"https://www.bimmerparts.nl/Supersprint-OO70-BMW-E36-316i,318i,318iS-320i,323i",4
https://www.bimmerparts.nl/BMW-achterklep-embleem-E46-Compact-E39,4
https://www.bimmerparts.nl/5mm-Zwart-Geanodiseerde-Spoorverbreders,4
https://www.bimmerparts.nl/Side-Scuttles-JCW-Pro-Large-F55-F56-F57,4
https://www.bimmerparts.nl/M-Performance-sierstukken-Chroom,4
https://www.bimmerparts.nl/Bekerhouder-middenconsole-E39,4
https://www.bimmerparts.nl/Dynamische-OLED-achterlichten-G20,4
https://www.bimmerparts.nl/M-look-diffuser-BMW-G30/G31,4
https://www.bimmerparts.nl/5-Serie-F90-M5,4
https://www.bimmerparts.nl/bmw-m-performance-grille-z4-e89-roadster,4
https://www.bimmerparts.nl/MINI-Allweather-Mattenset-Essential-Black-F55-F56-F57,4
https://www.bimmerparts.nl/BMW-Shadowline-grille-G20LCI-G21LCI,4
https://www.bimmerparts.nl/4-Serie-G22-G23-G26,4
https://www.bimmerparts.nl/BMW-uitlaatsierstuk-zwart/chroom-F30-F31-316d-320i,4
"https://www.bimmerparts.nl/Supersprint-OO80-BMW-F30/F31-316i,318i",4
https://www.bimmerparts.nl/BMW-Performance-diffusor-E92-E93-335i-335d.html,4
https://www.bimmerparts.nl/Set-Zijknipperlichten-JCW-F55-F56-F57,4
"https://www.bimmerparts.nl/Supersprint-OO70-BMW-E36-325i,328i",4
"https://www.bimmerparts.nl/Cobra-Verlagingsveren-G21-320e,330e-xDrive",4
https://www.bimmerparts.nl/bmw-m-performance-uitlaatsysteem-f3x-AUT.html,4
https://www.bimmerparts.nl/Carbon-spiegelkappen-F80-M3-F82/F83-M4,4
https://www.bimmerparts.nl/kw-suspension-variant-1-bmw-z-serie-e85,4
https://www.bimmerparts.nl/Strongflex-achterste-toplager-E30-E36-E46-Z3/Z4-Yellow,4
https://www.bimmerparts.nl/bmw-m-performance-uitlaatsysteem-f22/f23,4
https://www.bimmerparts.nl/Lip-M3-M-tech-E36,4
"https://www.bimmerparts.nl/Supersprint-OO80-BMW-F36-420i,428i,430i",4
https://www.bimmerparts.nl/BMW-Mattenset-velours-F36,4
https://www.bimmerparts.nl/6-Serie-E63-E64,4
https://www.bimmerparts.nl/verzenden-en-ophalen,4
https://www.bimmerparts.nl/mini-natural-air-starterkit,4
https://www.bimmerparts.nl/bmw-e60-e61-chrome-uitlaatsierstukken,4
https://www.bimmerparts.nl/HR-Stabilisator-set-E36,4
https://www.bimmerparts.nl/bmw-walk-nappa-handremhoes,4
https://www.bimmerparts.nl/EBCRedStuff-remblokken-voor-E90-E91-E92-E93,4
https://www.bimmerparts.nl/MINI-Sierschrift-Piano-Black-Cooper-S,4
https://www.bimmerparts.nl/MINI-Cabriokap-impregneermiddel,4
https://www.bimmerparts.nl/kw-suspension-variant-1-bmw-3-serie-e90-sedan,4
https://www.bimmerparts.nl/Supersprint-OO80-BMW-E46-M3-3.2i,4
https://www.bimmerparts.nl/Eibach-Pro-Kit-MINI-R50-R52-R53,4
https://www.bimmerparts.nl/Grille-chroom-Z3,4
https://www.bimmerparts.nl/bmw-5-versnelling-m-embleem-verlichte-pook,4
https://www.bimmerparts.nl/Supersprint-OO70-BMW-E30-318iS,4
https://www.bimmerparts.nl/BMW-achterklep-embleem-E36-Touring,4
https://www.bimmerparts.nl/BMW-Performance-Big-Brake-Kit-F30/F31/F34-F32/F33/F36|Rood,4
https://www.bimmerparts.nl/BMW-pookknop-embleem-oldtimer-5-versn-mtech,4
https://www.bimmerparts.nl/bmw-m-performance-uitlaatsysteem-f30/f31-F32/f33/f36-AUT,4
https://www.bimmerparts.nl/Grille-chroom-Z4-E85/E86,4
https://www.bimmerparts.nl/Eventuri-Performance-Carbon-Intake-M6-(F06/F12/F13),4
https://www.bimmerparts.nl/Eibach-Anti-Roll-Kit-BMW-E87-116i-118i-120i-130i,4
https://www.bimmerparts.nl/eisenmann-2x76mm-bmw-e92-320i.html,4
https://www.bimmerparts.nl/Strongflex-subframe-rubber-achteras-E36-Compact-Z3-Red,4
https://www.bimmerparts.nl/bmw-m-handremgreep.html,4
https://www.bimmerparts.nl/eibach-prokit-bmw-x1-f48-xdrive18d.html,4
https://www.bimmerparts.nl/bmw-shortshift-schakelknop-6-gang.html,4
https://www.bimmerparts.nl/eisenmann-2x76mm-bmw-f32-418d-420d.html,4
https://www.bimmerparts.nl/Eibach-Pro-Kit-BMW-G30-Sedan-530i,4
https://www.bimmerparts.nl/Shadowline-grille-G20LCI-G21LCI,4
https://www.bimmerparts.nl/bmw-led-binnenverlichtingspakket-set-van-10.html,4
https://www.bimmerparts.nl/BMW-uitlaatsierstuk-zwart-chroom-f45-216-218d-220d-220dx-218i-220i-225i-225iX,4
"https://www.bimmerparts.nl/Cobra-Verlagingsveren-X3-F25-20i,28i,20d",4
"https://www.bimmerparts.nl/Supersprint-BMW-F20/F21-114i,116i,118i,120i",4
https://www.bimmerparts.nl/bmw-f2x-opbergvak,4
https://www.bimmerparts.nl/Eibach-Pro-Kit-BMW-F21-M135i-M140i,4
https://www.bimmerparts.nl/Kortere-stabilisatorstangen-E34-E36,4
https://www.bimmerparts.nl/bmw-mattenset-velours-3-serie-e46-cabrio.html,4
https://www.bimmerparts.nl/BMW-M-Embleem-airbox-S85-V10,4
https://www.bimmerparts.nl/Bilstein-B12-Pro-kit-E46-Compact-325ti,4
https://www.bimmerparts.nl/Goodridge-stalen-remleidingen-BMW-F36,4
https://www.bimmerparts.nl/LEGO-BMW-M-Motorsport-Speed-Champions,3
https://www.bimmerparts.nl/Powerflex-draagarm-rubber-set-E36,3
https://www.bimmerparts.nl/bmw-ruitensproeiervloeistof-met-antivries.html,3
https://www.bimmerparts.nl/bmw-m-schakelpook-6-versnellingen-e36-m3.html,3
https://www.bimmerparts.nl/M-Performance-sticker-set-sideskirts,3
https://www.bimmerparts.nl/bmw-stuur-afdekking-titanium-e87-e90.html,3
https://www.bimmerparts.nl/Eventuri,3
https://www.bimmerparts.nl/MINI-Wing-motorkap-logo-R50-R52-One-Cooper,3
https://www.bimmerparts.nl/Performance-mattenset-X3-G01-X4-G02,3
https://www.bimmerparts.nl/Angel-Eyes-koplampen-helder/zwart-Z4-E85,3
https://www.bimmerparts.nl/bmw-m-performance-grille-zwart-f22-f23.html,3
"https://www.bimmerparts.nl/M-Performance-alcantara-armsteun-BMW-1-2-Serie-F40,F44,F70,F74",3
https://www.bimmerparts.nl/X6-M-F86,3
https://www.bimmerparts.nl/Strongflex-voorste-(E46)-draagarm-rubber-excentrisch-E36-Yellow,3
https://www.bimmerparts.nl/Diffuser-F30/F31,3
https://www.bimmerparts.nl/Race-remblokken-EBC-Yellow-Stuff-voorzijde,3
https://www.bimmerparts.nl/Glanszwart-stickerset-motorkap-embleem,3
https://www.bimmerparts.nl/Frontspoiler-lip-BMW-E92/E93,3
https://www.bimmerparts.nl/Glanszwart-stickerset-naafdop-65MM,3
"https://www.bimmerparts.nl/Set-reflectoren-M-Sport-achterbumper-F30/F30LCI,-F31/F31LCI",3
https://www.bimmerparts.nl/X5-M-F85,3
https://www.bimmerparts.nl/Cobra-Suspension-Schroefset-EVO-S-Mini-R53-Cooper-S,3
https://www.bimmerparts.nl/Eventuri-Performance-Carbon-Intake-M5-(E39),3
https://www.bimmerparts.nl/Bekerhouder-middenconsole-BMW-Z3-zwart,3
https://www.bimmerparts.nl/Mistlampen-helder-E46-E39-M-tech,3
https://www.bimmerparts.nl/KW-Clubsport-2-way-BMW-3-Serie-M3-E90E92E93,3
https://www.bimmerparts.nl/M-Performance-carbonpaneel-voor-M-stuurwiel-X6-F16,3
https://www.bimmerparts.nl/MINI-Lakstiftset-in-carrosserie-en-wielkleur,3
"https://www.bimmerparts.nl/Eventuri-Performance-Carbon-Intake-F97-X3M,-F98-X4M",3
https://www.bimmerparts.nl/bmw-naafembleem-70mm,3
https://www.bimmerparts.nl/Grill-JCW-look-mat-zwart-R55-R56-R57-10/13,3
"https://www.bimmerparts.nl/ADRO-Front-Bumper-Prepreg-Carbon-Fiber-Grille-BMW-G80-M3,-G82-M4",3
https://www.bimmerparts.nl/Mini-sleutelhanger-munt,3
https://www.bimmerparts.nl/BMW-M-Performance-alcantara-sleuteletui,3
"https://www.bimmerparts.nl/Supersprint-OO80-BMW-F10/F11-520i,523i,528i,530i",3
https://www.bimmerparts.nl/Race-remblokken-EBC-Yellow-Stuff-achterzijde-E36-E46-Z4,3
https://www.bimmerparts.nl/bmw-performance-e46-alcantara-pookhoes,3
https://www.bimmerparts.nl/mw-m-stuur-afdekking-e6x.html,3
https://www.bimmerparts.nl/Grille-hoogglans-zwart-X6-G06,3
https://www.bimmerparts.nl/Stabilisatorstang-voorzijde-27MM-E46,3
"https://www.bimmerparts.nl/Mattenset-Allweather-achterijzde-BMW-1-2-Serie-F40,F44,F70,F74",3
https://www.bimmerparts.nl/Grille-hoogglans-zwart-X3-G01,3
https://www.bimmerparts.nl/Goodridge-stalen-remleidingen-BMW-E46-Touring,3
"https://www.bimmerparts.nl/Cobra-Verlagingsveren-F20-F21-114i,116i,118i,120i",3
https://www.bimmerparts.nl/BMW-M-Performance-diffusor-mat-zwart-F32-F33-F36,3
https://www.bimmerparts.nl/BMW-uitlaatsierstuk-zwart-chroom,3
https://www.bimmerparts.nl/BMW-M-Performance-Portier-pennen,3
https://www.bimmerparts.nl/Cobra-Suspension-schroefset-EVO-S-F20/F21,3
https://www.bimmerparts.nl/Strongflex-draagarm-rubber-achteras-E30-E36-Compact-Z3-Yellow,3
https://www.bimmerparts.nl/bmw-e30-325i-achterklep-embleem,3
https://www.bimmerparts.nl/bmw-m-stuur-afdekking-met-multifunctionele-bediening-3serie-e9x-m3.html,3
https://www.bimmerparts.nl/Files/2/21000/21945/FileBrowser/documenten/montage-handleiding-diffuser.pdf,3
https://www.bimmerparts.nl/Grille-hoogglans-zwart-F32-F33-F36,3
https://www.bimmerparts.nl/bmw-z4-achterklep-embleem,3
"https://www.bimmerparts.nl/Cobra-Suspension-verlagingsveren-G30-520e,530e-25mm",3
https://www.bimmerparts.nl/eibach-prokit-bmw-e39-touring-525d-530d-met-luchtvering.html,3
https://www.bimmerparts.nl/Glanszwart-stickerset-stuurwiel-embleem,3
https://www.bimmerparts.nl/bmw-Uitlaatsierstuk-mattchrome-E82-E88-E84,3
"https://www.bimmerparts.nl/Cobra-Verlagingsveren-E28-535i,M535i",3
https://www.bimmerparts.nl/bmw-shortshift-schakelknop.html,3
https://www.bimmerparts.nl/Goodridge-stalen-remleidingen-BMW-F31,3
https://www.bimmerparts.nl/bmw-uitlaatsierstuk-zwart-chroom-e90-e91-e92-e93.html,3
https://www.bimmerparts.nl/HR-Stabilisator-set-E60/E61-E63/E64,3
https://www.bimmerparts.nl/BMW-M-Performance-grille-X1-F48,3
https://www.bimmerparts.nl/Goodridge-stalen-remleidingen-BMW-E46-Coupe-M3,3
https://www.bimmerparts.nl/Kofferklep-spoiler-lip-BMW-G30,3
https://www.bimmerparts.nl/bmw-onderhoudsset-zomer.html,3
https://www.bimmerparts.nl/HR-Stabilisator-set-F2x-F3x-6cil-xDrive,3
https://www.bimmerparts.nl/Webwinkel-Product-175166675/Eibach-Pro-Kit-BMW-F11-Touring-M550d-xDrive.html,3
https://www.bimmerparts.nl/BMW-Zijknipperlichten-wit-E60-E61,3
https://www.bimmerparts.nl/Eibach-Pro-Kit-BMW-F20-125d,3
https://www.bimmerparts.nl/BMW-pookknop-embleem-oldtimer-5-versn,3
https://www.bimmerparts.nl/Cobra-Verlagingsveren-F82-M4,3
https://www.bimmerparts.nl/Webwinkel-Product-175167155/Eibach-Anti-Roll-Kit-BMW-E90-Sedan-316i318i320i320si.html,3
https://www.bimmerparts.nl/Webwinkel-Product-175166647/Eibach-Pro-Kit-BMW-F31-Touring-320ixDrive328i-xDrive330i-xDrive.html,3
https://www.bimmerparts.nl/BMW-M-Performance-grille-G32,3
https://www.bimmerparts.nl/Cobra-Suspension-schroefset-EVO-S-G20-M340i,3
https://www.bimmerparts.nl/Remleiding-set-E36-diesel-met-abs,3
https://www.bimmerparts.nl/Goodridge-stalen-remleidingen-BMW-E87,3
https://www.bimmerparts.nl/Cobra-Suspension-schroefset-EVO-S-G21-M340i,3
https://www.bimmerparts.nl/Cobra-Verlagingsveren-iX3-G08,3
https://www.bimmerparts.nl/EBC-Red-Stuff-voorzijde-E46,3
https://www.bimmerparts.nl/bilstein-b12-prokit-bmw-e60-sedan-540i-545i-550i.html,3
"https://www.bimmerparts.nl/Cobra-Verlagingsveren-F31-335i,340i,330d,335d-xDrive",3
"https://www.bimmerparts.nl/Ultra-Racing-Anti-Roll-stabilisator-achterzijde-BMW-E39-Sedan-Touring-520i,523i,525i,528i,530i,-535i,540i",3
https://www.bimmerparts.nl/bmw-m-embleem-e36-z3.html,3
https://www.bimmerparts.nl/Bilstein-B12-Pro-kit-F21-114i-116i-118i-120i-125i,3
https://www.bimmerparts.nl/BMW-LED-dorpellijsten-X3-F25-X4-F26,3
https://www.bimmerparts.nl/Cobra-Verlagingsveren-MINI-J01-25/15,3
https://www.bimmerparts.nl/Cobra-Verlagingsveren-G16-840i-Gran-Coupe,3
https://www.bimmerparts.nl/Uitlaatsierstukken-chroom-Z3,3
https://www.bimmerparts.nl/Mattenset-Allweather-X5-F15-X6-F16,3
https://www.bimmerparts.nl/Webwinkel-Product-175166999/Eibach-Anti-Roll-Kit-BMW-E91-Touring-316i318i320i.html,3
https://www.bimmerparts.nl/BMW-M-Performance-carbon-handremgreep-F80-M3-F82-F83-M4,3
https://www.bimmerparts.nl/BMW-M-Performance-carbon-portiergreeppanelen-F80-M3-F82-F83-M4,3
https://www.bimmerparts.nl/X7-sleutelhanger,3
https://www.bimmerparts.nl/Cobra-Verlagingsveren-F30-330e-M-Sport,3
https://www.bimmerparts.nl/KN-Vervangingsfilter-E34-M60,3
https://www.bimmerparts.nl/bmw-stuur-afdekking-met-chroomdetails-Serie-e92-e93.html,3
https://www.bimmerparts.nl/Eisenmann-2x76mm-BMW-F23-220i,3
https://www.bimmerparts.nl/over-bimmerparts,2
https://www.bimmerparts.nl/4-Serie,2
https://www.bimmerparts.nl/Grille-hoogglans-zwart-G20-G21,2
https://www.bimmerparts.nl/Vaststaande-BMW-Naafdop-56MM,2
https://www.bimmerparts.nl/BMW-M-Performance-carbon-spiegelkappen-F82-F83-M4,2
https://www.bimmerparts.nl/X6-F16,2
https://www.bimmerparts.nl/6-Serie-G32-GT,2
https://www.bimmerparts.nl/Eibach-Sportline-BMW-F20-114i-116i-118i,2
https://www.bimmerparts.nl/Glanszwart-stickerset-kofferklep-embleem,2
https://www.bimmerparts.nl/bmw-diefstalremmende-wielbouten.html,2
https://www.bimmerparts.nl/mini-diefstalremmende-wielbouten,2
https://www.bimmerparts.nl/M-Performance-sleutelhanger-m,2
https://www.bimmerparts.nl/BMW-M-Performance-diffusor-matzwart-F30-F31,2
https://www.bimmerparts.nl/X7-G07,2
https://www.bimmerparts.nl/Webwinkel-Product-175167293/BMW-Black-Line-achterlichten-E90.html,2
https://www.bimmerparts.nl/Vaststaande-enkele-BMW-Naafdop-65MM,2
https://www.bimmerparts.nl/bmw-natural-air-navulset-Relaxing-Ocean,2
https://www.bimmerparts.nl/bmw-onderhoudsset-leder.html,2
"https://www.bimmerparts.nl/BMW-embleem-50-jaar-m-G22,G23,G26-G82,G83",2
https://www.bimmerparts.nl/BMW-M-Performance-carbon-paneel-Sport-transmissiehendel,2
https://www.bimmerparts.nl/Frontlip-hoogglans-zwart-E46-coupe-cabrio,2
https://www.bimmerparts.nl/BMW-M-Performance-diffusor-F20-F21,2
https://www.bimmerparts.nl/MINI-Motorkap-Logo-R55-R56-R57,2
https://www.bimmerparts.nl/Strongflex-achterste-subframe-rubber-E8x-E9x-Red,2
"https://www.bimmerparts.nl/ADRO-Front-Bumper-Prepreg-Carbon-Fiber-Duct-Vents-BMW-G80-M3,-G82-M4",2
https://www.bimmerparts.nl/MINI-Ventieldopjes-Wing-Logo,2
https://www.bimmerparts.nl/15mm-Zwart-Geanodiseerde-Spoorverbreders,2
https://www.bimmerparts.nl/bmw-dual-usb-oplader.html,2
https://www.bimmerparts.nl/20mm-Zwart-Geanodiseerde-Spoorverbreders,2
https://www.bimmerparts.nl/BMW-Grille-Sport-Line-bmw-f30-f31,2
https://www.bimmerparts.nl/bmw-vouwbox,2
https://www.bimmerparts.nl/7-Serie-G11-G12,2
https://www.bimmerparts.nl/betalen,2
https://www.bimmerparts.nl/Frontspoiler-lip-F10/F11,2
https://www.bimmerparts.nl/M-Performane-carbon-pookknop-Pro,2
https://www.bimmerparts.nl/Supersprint-OO80-BMW-E46-M3-3.2i-SPORT,2
https://www.bimmerparts.nl/Grille-Iconic-Glow-Chrome-G30-G31,2
https://www.bimmerparts.nl/Achterlichten-red/smoke-E30-82/87-82/90,2
https://www.bimmerparts.nl/bmw-mattenset-velours-1-serie-f20.html,2
https://www.bimmerparts.nl/Eibach-Pro-Kit-BMW-E46-Sedan-320i-323i-325i-328i-330i,2
https://www.bimmerparts.nl/BMW-Urban-line-Grille-F20/F21,2
https://www.bimmerparts.nl/Strongflex-voorste-draagarm-rubber-E8x-E9x-E89-E84-Yellow,2
https://www.bimmerparts.nl/Cobra-Suspension-In-hoogte-verstelbare-verlagingsveren-G80-M3,2
https://www.bimmerparts.nl/bmw-basisdrager-X3-G01,2
https://www.bimmerparts.nl/bmw-chrome-grille-e46-sedan-touring-compact.html,2
https://www.bimmerparts.nl/bmw-m-diffusor-e92-e93-335i-335d.html,2
https://www.bimmerparts.nl/Cobra-Suspension-Schroefset-EVO-S-Mini-R56-Cooper-S,2
https://www.bimmerparts.nl/eisenmann-2x70mm-bmw-e92-323i-325i-328i.html,2
https://www.bimmerparts.nl/bmw-m-performance-achtervinnen-f20-f21.html,2
https://www.bimmerparts.nl/bmw-e46-bekerhouder-grijs.html,2
https://www.bimmerparts.nl/bmw-natural-air-starterkit-oude-versie,2
https://www.bimmerparts.nl/X5-M-F95,2
https://www.bimmerparts.nl/Set-BMW-M-zijscherm-emblemen-zwart-45X15MM,2
https://www.bimmerparts.nl/Carbon-stickerset-naafdop-65MM,2
https://www.bimmerparts.nl/BMW-embleem-50-jaar-m-F44-F40-F70,2
https://www.bimmerparts.nl/Cobra-Suspension-schroefset-EVO-S-G20,2
https://www.bimmerparts.nl/bmw-uitlaatsierstuk-alu-look-e90-e91-e92-e93.html,2
https://www.bimmerparts.nl/bmw-zeemlap.html,2
https://www.bimmerparts.nl/bmw-m-performance-automatten-f32-f82-m4,2
https://www.bimmerparts.nl/MINI-Pet-Zwart,2
https://www.bimmerparts.nl/BMW-Mattenset-Antraciet-E30-,2
https://www.bimmerparts.nl/BMW-i-Logo-achterzijde,2
https://www.bimmerparts.nl/M-Performance-sierstukken-Carbon-F20/F21,2
https://www.bimmerparts.nl/BMW-Logo-Pet-Grijs,2
https://www.bimmerparts.nl/Race-remblokken-EBC-Green-Stuff-voorzijde,2
https://www.bimmerparts.nl/Grille-hoogglans-zwart-X5-G05,2
https://www.bimmerparts.nl/Strongflex-stabilisatorstang-rubber-vooras-E8x-E46M3-E9x-E60/E61-XSerie-Z4-Red,2
https://www.bimmerparts.nl/eisenmann-2x70mm-bmw-e90-sedan-316i-318i-320i.html,2
https://www.bimmerparts.nl/Mattenset-Allweather-X3-G01,2
https://www.bimmerparts.nl/BMW-uitlaatsierstukken-zwart/chroom-F07GT-F10/F11,2
https://www.bimmerparts.nl/Diffuser-E81-E87-E87LCI,2
https://www.bimmerparts.nl/BMW-logo-embleem-82mm,2
https://www.bimmerparts.nl/Strutbar-voorzijde-E46-M3,2
https://www.bimmerparts.nl/eisenmann-2x76mm-bmw-f22-220i.html,2
https://www.bimmerparts.nl/BMW-M-Performance-grille-F44,2
https://www.bimmerparts.nl/Grille-hoogglans-zwart-G30-G31,2
https://www.bimmerparts.nl/Grille-hoogglans-zwart-F10/F10LCI-F11/F11LCI,2
https://www.bimmerparts.nl/ap-suspension-schroefset-bmw-3serie-e46-compact.html,2
https://www.bimmerparts.nl/MINI-Ventieldopjes-Wordmark,2
https://www.bimmerparts.nl/eisenmann-2x76mm-bmw-f32-420i.html,2
https://www.bimmerparts.nl/bmw-zonneschermen-achterzijruiten-1-serie-f21.html,2
https://www.bimmerparts.nl/M-Performance-Mattenset-F20-F20LCI,2
https://www.bimmerparts.nl/Webwinkel-Product-175167623/Bilstein-B12-Pro-kit-F31-Touring-335i340i.html,2
https://www.bimmerparts.nl/kw-suspension-variant-1-bmw-3-serie-e91-touring,2
https://www.bimmerparts.nl/Voorbumper-stootlijst-met-BMW-opschrift-E36,2
https://www.bimmerparts.nl/Cobra-Suspension-verlagingsveren-X5-F15-40e,2
https://www.bimmerparts.nl/BMW-M-Performance-grille-F06-F12-F13,2
https://www.bimmerparts.nl/Eisenmann-4x100mm-BMW-G42-M240i,2
https://www.bimmerparts.nl/Frontlip-carbon-BMW-M3-M4,2
https://www.bimmerparts.nl/bmw-m-stuur-afdekking-zonder-multifunctionele-bediening-e8x.html,2
"https://www.bimmerparts.nl/Cobra-Verlagingsveren-G20-320e,330e",2
https://www.bimmerparts.nl/Eventuri-Performance-Carbon-Intake-Carbon-Scoop-MINI-F5x,2
https://www.bimmerparts.nl/Supersprint-BMW-F22/F23-218i,2
https://www.bimmerparts.nl/Eibach-Pro-Kit-BMW-F21-120i-125i,2
https://www.bimmerparts.nl/BMW-zijknipperlichten-wit,2
https://www.bimmerparts.nl/bmw-e46-aircoframe-complete-knoppenbalk.html,2
https://www.bimmerparts.nl/Frontlip-carbon-BMW-M3-F80-M4-F82/F83,2
https://www.bimmerparts.nl/Kofferklep-lip-E46-sedan-coupe-cabrio,2
https://www.bimmerparts.nl/eibach-prokit-bmw-z4-e89-sdrive35i-sdrive35is.html,2
https://www.bimmerparts.nl/Eventuri-Carbon-lucht-verdeelhuis-S65-V8-E90-E92-E93,2
https://www.bimmerparts.nl/bmw-mattenset-velours-3-serie-e46.html,2
"https://www.bimmerparts.nl/Supersprint-OO80-BMW-E60/E61-520i,523i,525i,530i",2
https://www.bimmerparts.nl/Cobra-Suspension-schroefset-EVO-S-F31,2
https://www.bimmerparts.nl/ap-suspension-schroefset-bmw-3serie-e36-coupe.html,2
"https://www.bimmerparts.nl/Supersprint-OO76-BMW-E39-535i,540i",2
https://www.bimmerparts.nl/eisenmann-2x76mm-bmw-e82-125i.html,2
https://www.bimmerparts.nl/Stabilisatorstang-achterzijde-19MM-E30,2
https://www.bimmerparts.nl/Cobra-Verlagingsveren-G20-M340i-xDrive-25/20,2
https://www.bimmerparts.nl/bmw-zonneschermen-achterzijruiten-3-serie-f31-touring.html,2
https://www.bimmerparts.nl/bmw-staafantenne-sport.html,2
https://www.bimmerparts.nl/5-Serie-E12,2
https://www.bimmerparts.nl/Strutbar-voorzijde-E36-M43,2
https://www.bimmerparts.nl/Cobra-Suspension-schroefset-EVO-S-E91,2
"https://www.bimmerparts.nl/Supersprint-OO100-BMW-F32-420i,428i,430i",2
https://www.bimmerparts.nl/BMW-embleem-50-jaar-m-F44-G1X,2
https://www.bimmerparts.nl/Z4-E85-E86,2
https://www.bimmerparts.nl/bmw-uitlaatstukken-verchroomd-x3-f25,2
https://www.bimmerparts.nl/Strutbar-brace-voorzijde-F06/F12/F13,2
https://www.bimmerparts.nl/bmw-basisdrager-f46-gran-tourer.html,2
https://www.bimmerparts.nl/Cobra-Verlagingsveren-E12,2
https://www.bimmerparts.nl/Dynamische-smoke-OLED-achterlichten-G20,2
https://www.bimmerparts.nl/Embleem-achterklep-E28-E30-Z3M,2
https://www.bimmerparts.nl/B521302420-eisenmann-4x-76-mm-z3-1.8-1.9,2
https://www.bimmerparts.nl/eisenmann-2x83mm-bmw-e39-sedan-m-520i-523i-525i-528i-530i.html,2
https://www.bimmerparts.nl/BMW-Mattenset-Performance-G30/G31,2
https://www.bimmerparts.nl/Race-remblokken-EBC-Red-Stuff-achterzijde-E36-E46-Z4,2
https://www.bimmerparts.nl/Cobra-Verlagingsveren-Mini-R53-Cooper-S-40mm,2
https://www.bimmerparts.nl/Eibach-Anti-Roll-Kit-BMW-E46-Coupe-M3,2
https://www.bimmerparts.nl/HR-Stabilisator-set-E46-M3,2
https://www.bimmerparts.nl/Remleiding-set-E30-8-delig-met-ABS,2
https://www.bimmerparts.nl/eibach-prokit-bmw-e60-sedan-525d-530d-535d.html,2
https://www.bimmerparts.nl/bmw-e46-aircoframe-losse-knoppen,2
https://www.bimmerparts.nl/Cobra-Suspension-verlagingsveren-F70-120i,2
https://www.bimmerparts.nl/Cobra-Suspension-verlagingsveren-G60-i5M60-xDrive,2
https://www.bimmerparts.nl/Diffuser-GTR-carbon-F10/F11,2
https://www.bimmerparts.nl/Goodridge-stalen-remleidingen-BMW-E92,2
https://www.bimmerparts.nl/Knipperlichtglas-oranje-E30,2
https://www.bimmerparts.nl/EVO-spiegelkappen-F20/F21-F22/F23-F30/F31/F34GT-F32/F33/F36,2
https://www.bimmerparts.nl/B526100760-eisenmann-2x-76-mm-z3-2.2i-3.0i,2
https://www.bimmerparts.nl/Eibach-Pro-Kit-MINI-F56-JCW,2
https://www.bimmerparts.nl/eisenmann-2x70mm-bmw-e81-116i-118i-120i.html,2
https://www.bimmerparts.nl/BMW-Mattenset-velours-X1-F48,2
https://www.bimmerparts.nl/Cobra-Suspension-verlagingsveren-G60-530e-xDrive-35mm,2
https://www.bimmerparts.nl/BMW-Uitlaatsierstuk-chroom-E90-E91-82120398333,2
https://www.bimmerparts.nl/BMW-Sleuteletui-Crystal,2
"https://www.bimmerparts.nl/Supersprint-OO80-BMW-F22/F23-228i,230i",2
https://www.bimmerparts.nl/M-schakelknop-zwart-5-gang-E39,2
https://www.bimmerparts.nl/bmw-m-stuur-afdekking-e46-e39.html,2
https://www.bimmerparts.nl/Zilver-Geanodiseerde-Spoorverbreder-20mm-XM,2
"https://www.bimmerparts.nl/Ultra-Racing-Anti-Roll-stabilisator-voorzijde-BMW-E39-Sedan-Touring-525i-528i-535i,540i",2
https://www.bimmerparts.nl/Sierlijst-buiten-links-E46-glans-zwart,2
https://www.bimmerparts.nl/Cobra-Verlagingsveren-G21-M340i-xDrive,2
"https://www.bimmerparts.nl/Cobra-Verlagingsveren-F11-535i,525d,530d,535d",2
https://www.bimmerparts.nl/Grille-mat-zwart-E30,2
"https://www.bimmerparts.nl/Supersprint-OO70-BMW-E36-Compact-316i-1.9,318ti,323ti",2
https://www.bimmerparts.nl/Cobra-Verlagingsveren-Mini-F60-SE-ALL4,2
https://www.bimmerparts.nl/kw-suspension-variant-1-bmw-x1-e84,2
https://www.bimmerparts.nl/Cobra-Verlagingsveren-E24,2
https://www.bimmerparts.nl/Cobra-Verlagingsveren-G20-M340i,2
https://www.bimmerparts.nl/Strongflex-achterste-subframe-rubber-achteras-E46-Red,2
https://www.bimmerparts.nl/Stabilisatorstang-voorzijde-27MM-Z4-E85-E86,2
https://www.bimmerparts.nl/Webwinkel-Product-175167823/Bilstein-B12-Pro-kit-E61-Touring-545i550i.html,2
https://www.bimmerparts.nl/Cobra-Verlagingsveren-G31-520i/530i-518d/520d,2
https://www.bimmerparts.nl/MINI-Rompertje-3-6M,2
https://www.bimmerparts.nl/bmw-hardwas-met-nanotechnologie.html,2
https://www.bimmerparts.nl/Strutbar-achterzijde-E46,2
https://www.bimmerparts.nl/bmw-mattenset-velours-3-serie-e93-cabrio.html,2
https://www.bimmerparts.nl/Strongflex-voorste-differentieel-rubber-E39-Red,2
https://www.bimmerparts.nl/mw-stuur-afdekking-zwart-e87-e90-e91.html,2
https://www.bimmerparts.nl/MINI-Gift-Set-Slabbetjes,2
"https://www.bimmerparts.nl/Cobra-Suspension-verlagingsveren-F11-535i,525d,530d,535d",2
https://www.bimmerparts.nl/Goodridge-stalen-remleidingen-BMW-E82,2
https://www.bimmerparts.nl/Cobra-Suspension-verlagingsveren-G61-530e,2
https://www.bimmerparts.nl/bmw-m-leder-schakelknop-e81-e82-e87-e88.html,2
https://www.bimmerparts.nl/bilstein-b12-prokit-bmw-e91-touring-316i-318i-320i.html,2
https://www.bimmerparts.nl/BMW-M-Performance-carbon-paneel-transmissiehendel,2
https://www.bimmerparts.nl/BMW-Mattenset-velours-X3-F25-X4-F26,2
"https://www.bimmerparts.nl/MINI-Embleem-achterzijde-Piano-Black-F55,F56,F57",2
https://www.bimmerparts.nl/Antenne-spriet-los-410MM-BMW-Mini,2
https://www.bimmerparts.nl/bmw-nanowax-matte-lak.html,2
https://www.bimmerparts.nl/Eibach-Pro-Lift-Kit-X1-E84-xDrive23d-xDrive25d,2
https://www.bimmerparts.nl/ap-suspension-schroefset-bmw-z4-e85-roadster.html,2
https://www.bimmerparts.nl/BMW-Mattenset-velours-F32-F82-M4,2
https://www.bimmerparts.nl/Cobra-Verlagingsveren-E36-Cabrio-318i,2
https://www.bimmerparts.nl/Strutbar-voorzijde-E30-solid,2
https://www.bimmerparts.nl/Cobra-Verlagingsveren-Mini-F54-JCW-ALL4,2
https://www.bimmerparts.nl/Webwinkel-Product-175165313/Eibach-Pro-Street-S-F36-Gran-Coupe-420i428i430i.html,2
https://www.bimmerparts.nl/Cobra-Verlagingsveren-I3-i01,2
https://www.bimmerparts.nl/bmw-schakelknop-perlglanz-chrom-f45-f46.html,2
https://www.bimmerparts.nl/B521300760-eisenmann-2x-76-mm-z3-1.8-1.9,2
"https://www.bimmerparts.nl/Cobra-Verlagingsveren-F44-220i,218d,220d-45/45",2
https://www.bimmerparts.nl/bmw-M-Performance-carbonpaneel-F2x-F3x,2
https://www.bimmerparts.nl/Cobra-Suspension-Schroefset-EVO-S-Mini-R52-Cooper-S,2
https://www.bimmerparts.nl/Eisenmann-2x90mm-bmw-e93-335i.html,2
https://www.bimmerparts.nl/M-Performance-voetsteun-X5-G05,2
https://www.bimmerparts.nl/Webwinkel-Product-175166609/Eibach-Pro-Kit-BMW-F30-Sedan-316i318i320i.html,2
https://www.bimmerparts.nl/Eventuri-Performance-Turbo-inlaat-F95-X5M-F96-X6M-G09-XM-G05-X5M60i,2
https://www.bimmerparts.nl/Cobra-Verlagingsveren-E92-Coupe-M3,2
https://www.bimmerparts.nl/Webwinkel-Product-175167563/Bilstein-B12-Pro-kit-F36-Gran-Coupe-435i440i.html,2
https://www.bimmerparts.nl/Bilstein-B12-Pro-kit-E87-130i,2
https://www.bimmerparts.nl/Grille-mat-zwart-F10/F10LCI-F11/F11LCI,2
https://www.bimmerparts.nl/eibach-prokit-bmw-e82-1m-coupe.html,2
"https://www.bimmerparts.nl/MINI-Sierschrift-Cooper-Piano-Black-(F54,F55,F56,F57,F60)",2
https://www.bimmerparts.nl/Uitlaatsierstuk-mattchrome-bmw-E81-E87LCI-e88-116d-118d,2
https://www.bimmerparts.nl/Webwinkel-Product-175167805/Bilstein-B12-Pro-kit-E60-Sedan-520i523i525i.html,2
https://www.bimmerparts.nl/eisenmann-2x76mm-bmw-e39-sedan-520i-523i-525i-528i-530i.html,2
https://www.bimmerparts.nl/Webwinkel-Product-175166957/Eibach-Anti-Roll-Kit-BMW-F31-Touring-320ixDrive328ixDrive330ixDrive.html,2
https://www.bimmerparts.nl/bmw-lederen-matt-chrome-m-schakelknop,2
https://www.bimmerparts.nl/Eibach-Pro-Kit-BMW-F20-120d-xDrive-118d-xDrive,2
https://www.bimmerparts.nl/bmw-mattenset-velours-1serie-e81.html,2
https://www.bimmerparts.nl/Zilver-Geanodiseerde-Spoorverbreders-5mm,2
"https://www.bimmerparts.nl/Cobra-Verlagingsveren-F01-730d,740d-xDrive",2
https://www.bimmerparts.nl/Goodridge-stalen-remleidingen-BMW-E88,2
https://www.bimmerparts.nl/Ultra-Racing-Strutbar-BMW-E9x-325,2
https://www.bimmerparts.nl/product-aanvraag,1
https://www.bimmerparts.nl/onze-merken,1
https://www.bimmerparts.nl/EBC-Yellow-Stuff-remblokken-E81-E87-E88-E82,1
https://www.bimmerparts.nl/bmw-ruitenwissers-5serie-e60-e61.html,1
https://www.bimmerparts.nl/bmw-ruitenwissers-3serie-e90-e91.html,1
https://www.bimmerparts.nl/bmw-ruitenwissers-3serie-f30-f31.html,1
https://www.bimmerparts.nl/bmw-logo-sleutelhanger,1
https://www.bimmerparts.nl/HR-verlagingsveren-28896-1-bmw-f20-f21,1
https://www.bimmerparts.nl/2-Serie,1
https://www.bimmerparts.nl/7-Serie-E65-E66,1
https://www.bimmerparts.nl/ruilen-en-retourneren,1
https://www.bimmerparts.nl/BMW-Ambient-Air-navulling-Golden-Suite,1
https://www.bimmerparts.nl/Ultra-Racing-Strutbar-BMW-E9x-335,1
https://www.bimmerparts.nl/car-care,1
https://www.bimmerparts.nl/bmw-ruitenwissers-2serie-f22-f23.html,1
https://www.bimmerparts.nl/BMW-M-Performance-Black-line-achterlichten-F30,1
https://www.bimmerparts.nl/bmw-performance-alcantara-pookhoes-keuzehendel-e90-e91-e92-e93.html,1
https://www.bimmerparts.nl/MINI-Sportantenne-kort-spriet-83MM,1
https://www.bimmerparts.nl/bmw-led-portier-projectoren-50mm,1
https://www.bimmerparts.nl/eisenmann-2x76mm-bmw-e39-touring-m-520i-523i-525i-528i-530i.html,1
https://www.bimmerparts.nl/Race-remblokken-EBC-Red-Stuff-voorzijde-E46-330,1
https://www.bimmerparts.nl/MINI-Pet-Beige,1
https://www.bimmerparts.nl/Bilstein-B12-Pro-kit-E82-125i-135i,1
https://www.bimmerparts.nl/X3-F25,1
https://www.bimmerparts.nl/Koplampen-chroom-Angel-Eyes-E30,1
https://www.bimmerparts.nl/BMW-Sleuteletui-Zwart-Leder,1
https://www.bimmerparts.nl/Kofferklep-spoiler-E90,1
https://www.bimmerparts.nl/EBC-Red-Stuff-remblokken-voor-E39,1
https://www.bimmerparts.nl/Motorsport-diffuser-F20-F21,1
https://www.bimmerparts.nl/Kofferklep-embleem-M3(CSL)-E46,1
https://www.bimmerparts.nl/Diffuser-GTR-F10/F11,1
https://www.bimmerparts.nl/M-Performance-Pro-Splitters-Carbon-BMW-G20,1
https://www.bimmerparts.nl/MINI-Impregneermiddel-bekledingtapijt,1
https://www.bimmerparts.nl/bmw-e46-bekerhouder-beige.html,1
https://www.bimmerparts.nl/Cobra-Suspension-schroefset-EVO-S-E90,1
https://www.bimmerparts.nl/Performance-mattenset-X1-F48-X2-F39,1
"https://www.bimmerparts.nl/Supersprint-OO80-BMW-E46-316i,316Ci,318i,318Ci",1
https://www.bimmerparts.nl/bmw-e46-midden-console-grijs.html,1
https://www.bimmerparts.nl/bmw-ruitenwissers-1serie-f20-f21.html,1
https://www.bimmerparts.nl/Grille-dubbelspijls-hoogglans-zwart-X5-G05,1
"https://www.bimmerparts.nl/Supersprint-OO70-BMW-E30-320i,325i,325ix",1
https://www.bimmerparts.nl/Voorspoiler-lip-EVO-matt-zwart-F30/F31,1
https://www.bimmerparts.nl/BMW-M-Performance-pedalenset,1
https://www.bimmerparts.nl/Angel-Eyes-koplampen-helder/zwart-Z3,1
https://www.bimmerparts.nl/BMW-embleem-50-jaar-m-74mm-F40,1
https://www.bimmerparts.nl/bmw-m-performance-grille-f82-f83-m4.html,1
https://www.bimmerparts.nl/Supersprint-OO80-BMW-F20/F21-M135i-M140i,1
https://www.bimmerparts.nl/Grille-mat-zwart-E60/E61,1
https://www.bimmerparts.nl/Smoke-achterlichten-LED-facelift-upgrade-E46-Cabrio-2003,1
https://www.bimmerparts.nl/bmw-basisdrager-G20,1
https://www.bimmerparts.nl/eisenmann-2x70mm-bmw-e90-323i-325i-328i.html,1
https://www.bimmerparts.nl/Motorsport-voorbumper-kit-E36,1
https://www.bimmerparts.nl/Achterlichten-red/smoke-E46-Compact,1
https://www.bimmerparts.nl/Tankdop-Piano-Black-MINI-Cooper-S-JCW-F55-F56-F57,1
https://www.bimmerparts.nl/M-Performance-Grille-zwart-F30/F30LCI/F31/F31LCI,1
https://www.bimmerparts.nl/originele-BMW-Dakspoiler-F20/F21,1
https://www.bimmerparts.nl/i-Serie-i8,1
https://www.bimmerparts.nl/Cobra-Verlagingsveren-Mini-R53-Cooper-S,1
https://www.bimmerparts.nl/recensies,1
https://www.bimmerparts.nl/KN-Vervangingsfilter-F2xF3x,1
https://www.bimmerparts.nl/Powerflex-achterste-draagarm-rubber-set-E36,1
https://www.bimmerparts.nl/Eventuri-Performance-Carbon-Intake-E86-Z4M,1
https://www.bimmerparts.nl/M-Performance-diffuser-zwart-BMW-G20,1
https://www.bimmerparts.nl/Cobra-Verlagingsveren-Mini-R60-Countryman-Cooper-S-ALL4,1
https://www.bimmerparts.nl/Zwart-Geanodiseerde-10mm-Spoorverbreders,1
https://www.bimmerparts.nl/BMW-M-Performance-voetmatten-F20,1
https://www.bimmerparts.nl/Cobra-Verlagingsveren-E30-Coupe/Cabrio-M3,1
https://www.bimmerparts.nl/Mattenset-Allweather-X5-G05,1
https://www.bimmerparts.nl/Cobra-Verlagingsveren-F20-M135i-M140i,1
https://www.bimmerparts.nl/BMW-M-Performance-voetmatten-F10-F11,1
https://www.bimmerparts.nl/Motorsport-diffusor-m-tech-bumper-E36,1
https://www.bimmerparts.nl/EBC-Green-Stuff-remblokken-voor-E46-330,1
https://www.bimmerparts.nl/EBC-Yellow-Stuff-remblokken-achter-E81-E87,1
https://www.bimmerparts.nl/bmw-velgenreiniger-set.html,1
https://www.bimmerparts.nl/i7-G70,1
https://www.bimmerparts.nl/EBC-RedStuff-remblokken-voor-E90-E91-E92-E93,1
https://www.bimmerparts.nl/MINI-Autopoetsmiddel,1
https://www.bimmerparts.nl/bmw-rokerspakket-F45-F46.html,1
https://www.bimmerparts.nl/Grille-chroom-zwart-X1-E84,1
https://www.bimmerparts.nl/HR-Stabilisator-set-E36-M3,1
https://www.bimmerparts.nl/eibach-prokit-bmw-f31-touring-330dxdrive-335dxdrive.html,1
https://www.bimmerparts.nl/bmw-e46-midden-console-beige.html,1
https://www.bimmerparts.nl/eisenmann-2x76mm-bmw-e88-125i.html,1
https://www.bimmerparts.nl/MINI-Motorkap-Logo-F55F56F57,1
https://www.bimmerparts.nl/Diffuser-carbon-E82-E88,1
"https://www.bimmerparts.nl/Supersprint-OO70-BMW-E30-320i,323i,325i,325e",1
https://www.bimmerparts.nl/Webwinkel-Product-175167953/AP-Suspension-BMW-3-Serie-E46-Coupe.html,1
https://www.bimmerparts.nl/Strongflex-stabilisatorstang-rubber-vooras-E8x-E46-E9x-E39-Z4-X1-Red,1
https://www.bimmerparts.nl/BMW-Sleuteletui-lichtbruin-82292408818.html,1
https://www.bimmerparts.nl/bmw-6-serie-sleutelhanger.html,1
https://www.bimmerparts.nl/kw-suspension-variant-1-bmw-3-serie-e36-compact,1
https://www.bimmerparts.nl/Goodridge-stalen-remleidingen-BMW-E90-M3,1
https://www.bimmerparts.nl/Strongflex-reactie-arm-rubber-E39-E60/E61-E63/E64-E65/E66-Yellow,1
https://www.bimmerparts.nl/bmw-basisdrager-G31,1
https://www.bimmerparts.nl/Cobra-Suspension-In-hoogte-verstelbare-verlagingsveren-G20,1
https://www.bimmerparts.nl/Spoiler-lip-BMW-E30-82-94,1
https://www.bimmerparts.nl/Strongflex-voorste-differentieel-rubber-E46-M3-Z4M-Yellow,1
https://www.bimmerparts.nl/BMW-Mattenset-velours-F30/F31-F80-M3,1
https://www.bimmerparts.nl/eisenmann-4x76mm-bmw-e39-sedan-m5.html,1
https://www.bimmerparts.nl/Strongflex-subframe-rubber-achteras-E36-Compact-Z3-Yellow,1
https://www.bimmerparts.nl/BMW-AUX-Na-inbouw-aansluiting,1
https://www.bimmerparts.nl/Eibach-Pro-Kit-BMW-F20-M135i-xDrive,1
https://www.bimmerparts.nl/Cobra-Verlagingsveren-F30/330e,1
https://www.bimmerparts.nl/eisenmann-4x76mm-bmw-f22-m235i.html,1
https://www.bimmerparts.nl/Frontlip-BMW-M3-M4,1
https://www.bimmerparts.nl/Stabilisatorstang-voorzijde-28MM-E36,1
https://www.bimmerparts.nl/GT-Splitters-BMW-E36,1
https://www.bimmerparts.nl/Eibach-Pro-Kit-MINI-R56-R58-R59,1
https://www.bimmerparts.nl/bmw-basisdrager-f31.html,1
https://www.bimmerparts.nl/Strongflex-stabilisatorstang-rubber-achteras-Yellow,1
https://www.bimmerparts.nl/Webwinkel-Product-175167769/Bilstein-B12-Pro-kit-E90-Sedan-323i325i328i330i.html,1
https://www.bimmerparts.nl/bmw-zonneschermen-achterzijruiten-3-serie-f30-sedan.html,1
"https://www.bimmerparts.nl/Eibach-Pro-Kit-BMW-F10-Sedan-520i,523i,528i,530i",1
https://www.bimmerparts.nl/Eisenmann-2x70mm-BMW-F20-118i,1
https://www.bimmerparts.nl/bmw-na-inbouw-aux-aansluiting,1
"https://www.bimmerparts.nl/Supersprint-OO100-BMW-F36-435i,440i",1
https://www.bimmerparts.nl/BMW-M-Performance-grille-F40,1
https://www.bimmerparts.nl/bmw-onderhoudsmiddel-kunststof.html,1
"https://www.bimmerparts.nl/Supersprint-OO80-BMW-E46-320i,320Ci,325i,325Ci,330i,330Ci",1
https://www.bimmerparts.nl/Webwinkel-Product-175167619/Bilstein-B12-Pro-kit-F31-Touring-320i328i330i.html,1
https://www.bimmerparts.nl/MINI-Natural-Air-navulset-Energizing-Daylight,1
https://www.bimmerparts.nl/Eibach-Pro-Kit-BMW-F22-218i-220i-228i,1
https://www.bimmerparts.nl/Koplampen-smoke-Angel-Eyes-E30,1
https://www.bimmerparts.nl/bmw-e46-midden-console-zwart.html,1
https://www.bimmerparts.nl/Cobra-Suspension-In-hoogte-verstelbare-verlagingsveren-G26,1
https://www.bimmerparts.nl/EBC-Yellow-Stuff-remblokken-voor-E39,1
https://www.bimmerparts.nl/Grille-dubbelspijls-hoogglans-zwart-G30-G31,1
https://www.bimmerparts.nl/KN-Vervangingsfilter-Mini-Cooper-S-2002-,1
https://www.bimmerparts.nl/ap-suspension-schroefset-bmw-3-serie-e93-cabrio.html,1
https://www.bimmerparts.nl/MINI,1
https://www.bimmerparts.nl/4-Serie-F82-F83-M4,1
https://www.bimmerparts.nl/bmw-performance-alcantara-pookhoes-e81-e82-e87-e88.html,1
https://www.bimmerparts.nl/Strongflex-subframe-rubber-achteras-E39-touring-Red,1
https://www.bimmerparts.nl/Bilstein-B12-Pro-kit-E46-Coupe-320Ci-323Ci-325Ci-328Ci-330Ci,1
https://www.bimmerparts.nl/bmw-M-Performance-pedalen-automaatbak,1
https://www.bimmerparts.nl/Strongflex-draagarm-rubber-66MM-E46-Z4-Red,1
https://www.bimmerparts.nl/kw-suspension-variant-1-bmw-1-serie-e82-coupe,1
https://www.bimmerparts.nl/MINI-Interieurreiniger,1
https://www.bimmerparts.nl/Supersprint-O100-MINI-F56-One/Cooper,1
https://www.bimmerparts.nl/Webwinkel-Product-175167909/Bilstein-B12-Pro-kit-E39-Sedan-525i528i530i.html,1
https://www.bimmerparts.nl/M-Performance-spiegelkappen-Cerium-Grey-X5-G05,1
https://www.bimmerparts.nl/Webwinkel-Product-175166833/Eibach-Pro-Kit-BMW-E92-Coupe-335i.html,1
https://www.bimmerparts.nl/3mm-Zilver-Geanodiseerde-Spoorverbreders,1
https://www.bimmerparts.nl/Laadrand-beschermmat-voor-de-achterbumper,1
https://www.bimmerparts.nl/Strongflex-achterste-differentieel-rubber-E8x-E9x-M-Yellow,1
https://www.bimmerparts.nl/Powerflex-achterste-differentieel-rubber-E36,1
https://www.bimmerparts.nl/bmw-m-voetsteun-beige-e46-sedan-touring-compact.html,1
"https://www.bimmerparts.nl/Bilstein-B12-Pro-kit-E46-Cabrio-320Ci,323Ci,325Ci,330Ci",1
https://www.bimmerparts.nl/kw-suspension-variant-1-bmw-3-serie-e36-touring-,1
https://www.bimmerparts.nl/Cobra-Verlagingsveren-F20-M135i-M140i-xDrive,1
https://www.bimmerparts.nl/Grille-mat-zwart-E46-Coupe/Cabrio-03/03,1
https://www.bimmerparts.nl/Webwinkel-Product-175166791/Eibach-Pro-Kit-BMW-E90-Sedan-323i325i328i330i.html,1
https://www.bimmerparts.nl/BMW-M-Performance-mat-zwart-opzetstuk-voor-F20/F21,1
https://www.bimmerparts.nl/Grille-hoogglans-zwart-E90/E91,1
https://www.bimmerparts.nl/Remleiding-set-5-delig-E39,1
https://www.bimmerparts.nl/Supersprint-OO70-BMW-E30-M3,1
https://www.bimmerparts.nl/BMW-M-Performance-grille-F10-F11,1
https://www.bimmerparts.nl/bilstein-b12-prokit-bmw-e91-touring-316d-318d-320d.html,1
https://www.bimmerparts.nl/bmw-microvezeldoek-interieur.html,1
https://www.bimmerparts.nl/bmw-m-performance-grille-zwart-f34,1
https://www.bimmerparts.nl/bmw-m-performance-grille-f10-m5.html,1
https://www.bimmerparts.nl/Zwart-chroom-Uitlaatsierstukken-F06-F12-F13-M6,1
https://www.bimmerparts.nl/Grille-mat-zwart-E9x,1
https://www.bimmerparts.nl/eisenmann-2x70mm-bmw-e87-120i.html,1
https://www.bimmerparts.nl/bmw-basisdrager-f30.html,1
https://www.bimmerparts.nl/Voorspoiler-lip-F32-F33-F36,1
https://www.bimmerparts.nl/bmw-mattenset-velours-5-serie-e60-e61.html,1
https://www.bimmerparts.nl/Side-Scuttles-JCW-Pro-F60,1
https://www.bimmerparts.nl/Webwinkel-Product-175167517/Bilstein-B12-Pro-kit-Z4-E85-25si30si.html,1
https://www.bimmerparts.nl/Strongflex-opstaande-stabilisatorstang-rubber-Yellow,1
https://www.bimmerparts.nl/bmw-m-performance-uitlaatsysteem-f3x.html,1
"https://www.bimmerparts.nl/BMW-embleem-50-jaar-m-G22,G23,G26,G82,G83",1
https://www.bimmerparts.nl/Grill-rechts-E30-82-94,1
https://www.bimmerparts.nl/bmw-basisdrager-X1-F48,1
"https://www.bimmerparts.nl/Cobra-Verlagingsveren-X5-G05-30d,40d",1
https://www.bimmerparts.nl/MINI-Motorkap-Logo-R55-R56-R57-R58-R59,1
https://www.bimmerparts.nl/MINI-Ventieldopjes-Union-Jack,1
https://www.bimmerparts.nl/Cobra-Suspension-In-hoogte-verstelbare-verlagingsveren-F87-M2,1
https://www.bimmerparts.nl/Cobra-Suspension-In-hoogte-verstelbare-verlagingsveren-G80-M3-xDrive,1
https://www.bimmerparts.nl/Strongflex-draagarm-rubber-E38-E39-535-540-m5-Yellow,1
https://www.bimmerparts.nl/Webwinkel-Product-175167607/Bilstein-B12-Pro-kit-F30-Sedan-325d.html,1
https://www.bimmerparts.nl/Grille-matt-zwart-E38,1
https://www.bimmerparts.nl/Eventuri-Performance-Intake-Plastic-Carbon-Scoop-MINI-F5x,1
https://www.bimmerparts.nl/Cobra-Verlagingsveren-G26-M50-xDrive,1
https://www.bimmerparts.nl/Strongflex-voorste-differentieel-rubber-E30-E36-Z3-Red,1
https://www.bimmerparts.nl/Strongflex-voorste-subframe-rubber-E60/E61-E63/E64-Red,1
https://www.bimmerparts.nl/Stabilisatorstang-achterzijde-18MM-E60/E61,1
https://www.bimmerparts.nl/BMW-M-Performance-voetmatten-F21-F22,1
https://www.bimmerparts.nl/ap-suspension-schroefset-bmw-3-serie-e92-coupe.html,1
https://www.bimmerparts.nl/bmw-M-Performance-verchroomd-uitlaateindstuk-F20-F21,1
"https://www.bimmerparts.nl/Cobra-Verlagingsveren-F30-335i,340i,330d,335d-xDrive",1
https://www.bimmerparts.nl/BMW-Zijknipperlichten-wit-E46-pre-facelift-compact,1
https://www.bimmerparts.nl/Grille-mat-zwart-E34,1
https://www.bimmerparts.nl/bmw-uitlaatsierstuk-mattchrome-f02-f21-114i-114d-116i-116d-118i-118d-120d.html,1
https://www.bimmerparts.nl/Diffuser-Performance-look-F10F11,1
"https://www.bimmerparts.nl/Cobra-Verlagingsveren-X5-F15-35i/25d,30d,40d-xDrive",1
https://www.bimmerparts.nl/Dubbelspaak-grille-mat-zwart-F20/F21,1
https://www.bimmerparts.nl/BMW-2-Serie-sleutelhanger,1
https://www.bimmerparts.nl/Cobra-Suspension-verlagingsveren-F40-M135i-xDrive,1
https://www.bimmerparts.nl/Splitters-carbon-BMW-M3-M4,1
https://www.bimmerparts.nl/Strongflex-achterste-differentieel-rubber-E8x-E9x-Red,1
https://www.bimmerparts.nl/bmw-derde-remlicht-rood-e46-cabrio.html,1
https://www.bimmerparts.nl/KN-Vervangingsfilter-E34-M5,1
https://www.bimmerparts.nl/Goodridge-stalen-remleidingen-BMW-E91,1
https://www.bimmerparts.nl/Cobra-Verlagingsveren-F87-M2,1
https://www.bimmerparts.nl/bmw-mattenset-velours-3-serie-e90-e91.html,1
https://www.bimmerparts.nl/Eisenmann-2x90mm-BMW-F20-LCI-M140i,1
https://www.bimmerparts.nl/bmw-chroompolish.html,1
https://www.bimmerparts.nl/Race-remblokken-EBC-Yellow-Stuff-achterzijde-E36-Compact-M3,1
https://www.bimmerparts.nl/Cobra-Suspension-schroefset-EVO-S-F32,1
https://www.bimmerparts.nl/Cobra-Verlagingsveren-Mini-F56-Cooper-SD,1
https://www.bimmerparts.nl/Webwinkel-Product-175167963/AP-Suspension-BMW-3-Serie-E46-Touring.html,1
https://www.bimmerparts.nl/Dubbelspaak-grille-hoogglans-zwart-F30/F30LCI-F31/F31LCI-,1
https://www.bimmerparts.nl/eisenmann-2x76mm-bmw-f31-330d.html,1
https://www.bimmerparts.nl/HR-Stabilisator-set-E36-Compact,1
https://www.bimmerparts.nl/Supersprint-OO90-BMW-F36-418i,1
https://www.bimmerparts.nl/Cobra-Suspension-verlagingsveren-F40-116i-118i-116d,1
https://www.bimmerparts.nl/Eisenmann-2x70mm-BMW-F20-LCI-116i,1
https://www.bimmerparts.nl/Knipperlichten-smoke-E46-Coupe/Cabrio-09/2001,1
https://www.bimmerparts.nl/eibach-prokit-bmw-z4-e85-roadster-22i-25i-25si-30i-30si.html,1
https://www.bimmerparts.nl/bmw-mattenset-allweather-5serie-e60-e61.html,1
https://www.bimmerparts.nl/Kortere-stabilisatorstangen-E46,1
https://www.bimmerparts.nl/bmw-m-performance-automatten-x6-f16,1
https://www.bimmerparts.nl/Strongflex-draagarm-rubber-achteras-E30-E36-Compact-Z3-Red,1
https://www.bimmerparts.nl/Cobra-Verlagingsveren-G31-540i-525d/530d,1
https://www.bimmerparts.nl/Mattenset-Allweather-G30/G31,1
https://www.bimmerparts.nl/Eisenmann-2x90mm-BMW-F23-LCI-M240i,1
https://www.bimmerparts.nl/BMW-M-Performance-diffusor-matzwart-F30/F31,1
https://www.bimmerparts.nl/Cobra-Verlagingsveren-Mini-F56-Cooper-S,1
https://www.bimmerparts.nl/tmp-wielbouten-zilver,1
https://www.bimmerparts.nl/bmw-mattenset-velours-z3-roadster-coupe.html,1
https://www.bimmerparts.nl/m-Performance-grille-F06-F12-F13-M6,1
https://www.bimmerparts.nl/bmw-opvouwbare-emmer.html,1
https://www.bimmerparts.nl/bmw-performance-alu-voetsteun,1
https://www.bimmerparts.nl/bmw-M-Performance-voetsteun-F2x-F3x,1
https://www.bimmerparts.nl/eisenmann-2x76mm-bmw-e90-323i-325i-328i.html,1
https://www.bimmerparts.nl/Strongflex-subframe-rubber-X5-E53-Red,1
https://www.bimmerparts.nl/Webwinkel-Product-175166561/Eibach-Pro-Kit-BMW-F31-Touring-335i340i.html,1
https://www.bimmerparts.nl/Zilver-Geanodiseerde-Spoorverbreder-10mm,1
https://www.bimmerparts.nl/Strutbar-voorzijde-E30,1
https://www.bimmerparts.nl/Strutbar-voorzijde-E60/E61-,1
https://www.bimmerparts.nl/bmw-mattenset-allweather-6-serie-f06-f12-f13.html,1
https://www.bimmerparts.nl/Strongflex-achterste-differentieel-rubber-E46-M3-Z4M-Yellow,1
https://www.bimmerparts.nl/bmw-stuur-afdekking-met-chroomdetails-e8x.html,1
https://www.bimmerparts.nl/Mistlampset-smoke-MINI-R55-R56-R57,1
https://www.bimmerparts.nl/B534500804-eisenmann-4x-80mm-bmw-x5-e70-4.8i,1
https://www.bimmerparts.nl/bmw-performance-grille-zwart-e70.html,1
https://www.bimmerparts.nl/bmw-mattenset-allweather-5serie-f10-f11.html,1
https://www.bimmerparts.nl/Grille-mat-zwart-G20-G21,1
https://www.bimmerparts.nl/HR-Stabilisator-set-Z4-E85/E86-sDrive,1
https://www.bimmerparts.nl/Grille-chroom/zwart-F22/F23,1
https://www.bimmerparts.nl/BMW-M-Performance-mat-zwart-opzetstuk-F22,1
https://www.bimmerparts.nl/Webwinkel-Product-175166557/Eibach-Pro-Kit-BMW-F36-Gran-Coupe-420i428i430i.html,1
https://www.bimmerparts.nl/M-Performance-sierstukken-Chroom-F20/F21,1
https://www.bimmerparts.nl/Grille-dubbelspijls-hoogglans-zwart-G20-G21,1
https://www.bimmerparts.nl/bmw-mattenset-velours-1-serie-e88-cabrio.html,1
https://www.bimmerparts.nl/HR-verlagingsveren-low-version-28891-1-bmw-f20-f21,1
https://www.bimmerparts.nl/Performance-mattenset-G32,1
https://www.bimmerparts.nl/bmw-m-voetsteun-zwart-e46-coupe-cabrio.html,1
https://www.bimmerparts.nl/Goodridge-stalen-remleidingen-BMW-F30LCI,1
"https://www.bimmerparts.nl/Cobra-Verlagingsveren-F31-320i,328i,330i,318d,320d-xDrive",1
https://www.bimmerparts.nl/Grille-hoogglans-zwart-F20/F21LCI,1
"https://www.bimmerparts.nl/Cobra-Verlagingsveren-E93-Cabrio-335i/325d,330d",1
https://www.bimmerparts.nl/bmw-leder-m-schakelknop-e90-e91-e92-e93.html,1
https://www.bimmerparts.nl/Cobra-Verlagingsveren-X5M-F85,1
https://www.bimmerparts.nl/Clip-t.b.v.-sierlijst-BMW-E39-E38,1
https://www.bimmerparts.nl/Grille-chroom-zwarte-nieren-E30,1
https://www.bimmerparts.nl/Cobra-Verlagingsveren-E38-750i/iL,1
https://www.bimmerparts.nl/MINI-Embleem-achterzijde-Piano-Black-U25,1
https://www.bimmerparts.nl/bmw-x4-sleutelhanger.html,1
https://www.bimmerparts.nl/kw-suspension-variant-1-bmw-3-serie-e36-cabrio-,1
https://www.bimmerparts.nl/BMW-Type-aanduiding-335i-E92-E93,1
https://www.bimmerparts.nl/Webwinkel-Product-175168001/AP-Suspension-BMW-1-Serie-F20-F20LCI.html,1
